,City,Lat,Lng,Max Temp,Humidity,Cloudiness,Wind Speed,Country,Date
0,launceston,-41.45,147.17,39,93,75,9.17,AU,1595272653
1,marakkanam,12.2,79.95,83.62,80,98,15.03,IN,1595272654
2,busselton,-33.65,115.33,50,66,36,13.85,AU,1595271978
3,quatre cocos,-20.21,57.76,69.8,60,75,10.29,MU,1595272090
4,ushuaia,-54.8,-68.3,32,87,0,4.7,AR,1595272186
5,dingle,11,122.67,77.22,85,47,4.74,PH,1595272247
6,butaritari,3.07,172.79,82.89,67,5,6.91,KI,1595272221
7,hofn,64.25,-15.21,53.6,81,75,4.7,IS,1595272261
8,kiboga,0.92,31.77,65.5,73,100,0.76,UG,1595272656
9,bethel,41.37,-73.41,91.99,55,20,8.05,US,1595272200
10,pizarro,4.95,-77.37,80.73,85,100,12.53,CO,1595272563
11,saint-philippe,-21.36,55.77,68,68,75,12.75,RE,1595272217
12,atuona,-9.8,-139.03,80.04,79,24,19.62,PF,1595272512
13,hilo,19.73,-155.09,82.4,54,1,4.7,US,1595272196
14,port elizabeth,-33.92,25.57,60.8,100,23,6.93,ZA,1595272206
15,lavrentiya,65.58,-171,44.98,78,100,7.14,RU,1595272220
16,hermanus,-34.42,19.23,57.99,80,0,1.01,ZA,1595272658
17,port lincoln,-34.73,135.87,52.72,64,79,4.99,AU,1595272658
18,chuy,-33.7,-53.46,69.53,80,100,7.85,UY,1595271977
19,hithadhoo,-0.6,73.08,84,79,100,14.27,MV,1595272200
20,ribeira grande,38.52,-28.7,73.4,60,75,5.82,PT,1595272203
21,cape town,-33.93,18.42,59,87,0,2.24,ZA,1595272512
22,vila franca do campo,37.72,-25.43,73.4,60,40,10.29,PT,1595272231
23,punta arenas,-53.15,-70.92,33.8,80,75,6.93,CL,1595272659
24,karagaylinskiy,54.17,86.55,63.19,87,44,2.17,RU,1595272659
25,saint george,37.1,-113.58,100.99,13,1,13.87,US,1595271966
26,virginia beach,36.85,-75.98,100,47,40,9.17,US,1595272155
27,gravdal,68.12,13.5,55.4,82,75,4.7,NO,1595272660
28,kahului,20.89,-156.47,82.4,58,40,18.34,US,1595272004
29,shache,38.42,77.24,75.67,27,100,5.21,CN,1595272660
30,port alfred,-33.59,26.89,59.83,60,0,5.84,ZA,1595272661
31,labuhan,-6.88,112.21,77.27,87,36,7,ID,1595272592
32,fairview,40.81,-74,96.8,46,20,5.82,US,1595272532
33,castro,-24.79,-50.01,68.72,60,0,6.62,BR,1595272200
34,bambous virieux,-20.34,57.76,69.8,60,75,10.29,MU,1595272214
35,albany,42.6,-73.97,93,32,13,5.01,US,1595272570
36,te anau,-45.42,167.72,41.45,90,97,2.64,NZ,1595272662
37,kapaa,22.08,-159.32,82.4,74,90,14.99,US,1595272337
38,tual,-5.67,132.75,79.12,84,39,17.34,ID,1595272663
39,barrow,71.29,-156.79,33.8,86,90,10.29,US,1595272017
40,carnarvon,-24.87,113.63,55.4,71,0,8.05,AU,1595272196
41,poptun,16.33,-89.42,87.37,51,65,1.79,GT,1595272663
42,baoqing,46.33,132.21,60.39,94,37,3.67,CN,1595272664
43,lebu,-37.62,-73.65,54.23,82,64,11.99,CL,1595271929
44,mahibadhoo,3.78,72.97,83.03,77,100,19.13,MV,1595272664
45,amapa,1,-52,82.67,75,94,3.49,BR,1595272664
46,najran,17.49,44.13,86,40,0,4.7,SA,1595272665
47,san patricio,19.22,-104.7,89.6,66,20,11.41,MX,1595272210
48,bluff,-46.6,168.33,39,83,100,3,NZ,1595272665
49,taltal,-25.4,-70.48,64.2,58,100,3.67,CL,1595272666
50,georgetown,5.41,100.34,78.8,94,20,2.24,MY,1595272050
51,paraiba do sul,-22.16,-43.29,72,62,0,5.21,BR,1595272666
52,foundiougne,14.13,-16.47,93.2,75,75,4.7,SN,1595272666
53,itaituba,-4.28,-55.98,95,41,40,6.93,BR,1595272666
54,hobart,-42.88,147.33,46.99,81,90,5.82,AU,1595272367
55,blagoveshchenka,52.83,79.87,66.42,90,23,6.42,RU,1595272667
56,chokurdakh,70.63,147.92,67.05,49,100,9.8,RU,1595272226
57,khatanga,71.97,102.5,51.35,69,100,5.97,RU,1595271966
58,bredasdorp,-34.53,20.04,60.8,87,0,13.87,ZA,1595272202
59,katangli,51.71,143.23,51.73,97,96,13.31,RU,1595272668
60,mataura,-46.19,168.86,39,83,100,3,NZ,1595272668
61,yellowknife,62.46,-114.35,73,64,75,12.75,CA,1595272205
62,yar-sale,66.83,70.83,60.57,54,100,6.31,RU,1595272212
63,wembley,-31.93,115.8,50,76,98,10.29,AU,1595272669
64,alindao,5.03,21.21,69.62,94,97,2.39,CF,1595272669
65,husavik,66.04,-17.34,51.8,66,20,10.29,IS,1595272670
66,esperance,-33.87,121.9,50,81,90,5.82,AU,1595272011
67,rikitea,-23.12,-134.97,68.11,60,75,14.92,PF,1595272207
68,ponta delgada,37.73,-25.67,73.4,60,40,10.29,PT,1595272670
69,vaini,-21.2,-175.2,68,82,20,4.7,TO,1595272196
70,leningradskiy,69.38,178.42,43.66,73,0,8.57,RU,1595272216
71,tasiilaq,65.61,-37.64,48.2,76,40,10.29,GL,1595272002
72,big spring,32.25,-101.48,93,29,1,9.17,US,1595272672
73,provideniya,64.38,-173.3,47.44,71,74,4.65,RU,1595272218
74,puerto ayora,-0.74,-90.35,75.2,73,75,5.82,EC,1595272672
75,talcahuano,-36.72,-73.12,57.2,76,40,12.75,CL,1595272609
76,kaitangata,-46.28,169.85,50,65,100,1.99,NZ,1595272216
77,tuktoyaktuk,69.45,-133.04,42.8,87,90,10.29,CA,1595272049
78,teahupoo,-17.83,-149.27,78.8,74,20,2.24,PF,1595272673
79,ola,59.58,151.28,56.32,79,0,3.2,RU,1595272673
80,alta floresta,-9.88,-56.09,93.2,28,75,6.93,BR,1595272673
81,rincon,32.3,-81.24,97,53,40,12.75,US,1595272607
82,yulara,-25.24,130.99,46.4,93,75,5.82,AU,1595272236
83,skibbereen,51.55,-9.27,60.8,55,20,11.41,IE,1595272674
84,walla walla,46.06,-118.34,88,30,1,4.7,US,1595272455
85,iqaluit,63.75,-68.51,46.4,100,90,4.7,CA,1595272001
86,cidreira,-30.18,-50.21,72.91,72,99,2.26,BR,1595271970
87,yenagoa,4.92,6.26,74.05,94,100,3.09,NG,1595272675
88,kargil,34.57,76.1,55.51,47,0,7.47,IN,1595272676
89,road town,18.42,-64.62,87.8,62,40,8.05,VG,1595272676
90,myitkyina,25.38,97.4,73.13,96,100,1.86,MM,1595272083
91,peace river,56.25,-117.29,69.8,64,40,3.36,CA,1595272676
92,vaitape,-16.52,-151.75,78.15,81,40,25.08,PF,1595272501
93,mokhsogollokh,61.47,128.92,66.51,91,100,7.76,RU,1595272677
94,sur,22.57,59.53,87.35,66,81,16.89,OM,1595272252
95,saint-pierre,-21.34,55.48,68,68,75,12.75,RE,1595272206
96,qaanaaq,77.48,-69.36,47.07,74,100,0.87,GL,1595272525
97,faanui,-16.48,-151.75,77.32,83,37,24.96,PF,1595272228
98,saraland,30.82,-88.07,91.99,63,59,5.99,US,1595272678
99,avarua,-21.21,-159.78,75.2,78,100,21.92,CK,1595272208
100,klaksvik,62.23,-6.59,50,93,54,13.87,FO,1595272265
101,san quintin,30.48,-115.95,79.3,45,0,19.53,MX,1595272221
102,portland,45.52,-122.68,82.99,54,1,8.05,US,1595272086
103,mbanza-ngungu,-5.25,14.87,75.34,37,0,4.72,CD,1595272266
104,flin flon,54.77,-101.86,73.4,40,40,6.93,CA,1595272523
105,vardo,70.37,31.11,53.6,87,100,12.75,NO,1595272245
106,faridpur,23.6,89.83,78.8,94,75,9.17,BD,1595272680
107,vao,-22.67,167.48,68.88,63,50,12.68,NC,1595272226
108,lorengau,-2.02,147.27,82.06,72,73,6.62,PG,1595272232
109,opuwo,-18.06,13.84,60.28,33,0,8.19,NA,1595272680
110,kruisfontein,-34,24.73,59.99,95,98,5.66,ZA,1595272220
111,torres,-29.34,-49.73,72.84,73,34,4.45,BR,1595272232
112,porto walter,-8.27,-72.74,92.43,43,3,1.99,BR,1595272681
113,villarrica,-25.75,-56.43,82.08,55,0,5.3,PY,1595272681
114,kirakira,-10.45,161.92,75.24,82,9,7.7,SB,1595272682
115,dunda,-8.12,34.25,57.07,66,0,2.17,TZ,1595272682
116,new norfolk,-42.78,147.06,46.99,88,83,1.01,AU,1595272138
117,mahebourg,-20.41,57.7,69.8,60,75,10.29,MU,1595272225
118,ciudad bolivar,8.12,-63.55,88.86,59,65,3.11,VE,1595272683
119,pisco,-13.7,-76.22,62.01,87,90,6.93,PE,1595271966
120,esik,43.36,77.45,73.4,40,75,4.47,KZ,1595272684
121,nemuro,43.32,145.57,59.72,95,55,2.17,JP,1595272684
122,karratha,-20.74,116.85,67.03,50,0,12.21,AU,1595272636
123,nanortalik,60.14,-45.24,51.01,64,2,3.02,GL,1595272222
124,sitka,57.05,-135.33,57.2,93,90,11.41,US,1595272684
125,margate,51.38,1.39,64,68,0,1.99,GB,1595272262
126,cherskiy,68.75,161.3,67.57,45,86,4.81,RU,1595272209
127,east london,-33.02,27.91,65.71,39,0,3.42,ZA,1595272016
128,upernavik,72.79,-56.15,51.06,47,0,10.49,GL,1595272217
129,asopos,36.73,22.87,75.78,66,0,1.12,GR,1595272686
130,catuday,16.29,119.81,79.88,80,9,5.66,PH,1595272686
131,miramar,25.99,-80.23,91,62,40,16.11,US,1595272686
132,havoysund,71,24.66,55.4,100,90,5.82,NO,1595272234
133,turochak,52.26,87.12,59.79,88,85,1.34,RU,1595272686
134,riyadh,24.69,46.72,100.4,12,100,8.05,SA,1595272157
135,souillac,-20.52,57.52,69.8,60,75,10.29,MU,1595272196
136,carazinho,-28.28,-52.79,70.9,77,34,8.32,BR,1595272687
137,qaqortoq,60.72,-46.03,68,37,20,9.17,GL,1595272688
138,mar del plata,-38,-57.56,53.6,100,90,14.99,AR,1595272145
139,ponta do sol,32.67,-17.1,71.01,64,1,4.09,PT,1595272199
140,baykit,61.67,96.37,49.24,86,2,3.2,RU,1595272689
141,santa cruz,-17.8,-63.17,87.8,52,40,21.92,BO,1595272448
142,santiago del estero,-27.8,-64.26,77.09,49,100,9.53,AR,1595272690
143,dunedin,-45.87,170.5,50,76,100,1.99,NZ,1595272253
144,vila velha,-20.33,-40.29,78.8,69,40,6.93,BR,1595272261
145,nantucket,41.28,-70.1,80.01,88,90,11.41,US,1595272690
146,adrar,20.5,-10.07,103.77,13,8,11.25,MR,1595271995
147,jamestown,42.1,-79.24,81,53,40,13.87,US,1595272206
148,linhares,-19.39,-40.07,73.04,83,88,6.06,BR,1595272691
149,hunterville,-39.93,175.57,55,93,93,5.12,NZ,1595272691
150,fortuna,40.6,-124.16,59,87,90,5.82,US,1595271935
151,sawtell,-30.38,153.1,44.01,86,70,2.24,AU,1595272692
152,airai,-8.93,125.41,54.57,88,0,2.35,TL,1595272219
153,labrea,-7.26,-64.8,96.21,31,47,3.96,BR,1595272692
154,cockburn town,21.46,-71.14,87.8,62,40,13.87,TC,1595272227
155,troitsko-pechorsk,62.71,56.2,56.52,69,0,6.33,RU,1595272693
156,hasaki,35.73,140.83,69.01,100,75,4.7,JP,1595271987
157,mezhdurechensk,53.69,88.06,61.7,89,23,1.41,RU,1595272694
158,luganville,-15.53,167.17,68,82,40,3.53,VU,1595272694
159,manzhouli,49.6,117.43,54.03,61,4,14.07,CN,1595272694
160,eureka,40.8,-124.16,66,87,66,1.99,US,1595272694
161,namatanai,-3.67,152.43,78.93,82,4,5.77,PG,1595272695
162,capivari,-23,-47.51,82.99,31,0,5.82,BR,1595272695
163,grand gaube,-20.01,57.66,66.99,72,70,5.99,MU,1595272039
164,progreso,21.28,-89.67,96.01,55,75,4.7,MX,1595272696
165,temerloh,3.45,102.42,74.64,96,75,0.36,MY,1595272697
166,bembibre,42.62,-6.42,86,44,7,3,ES,1595272697
167,weligama,5.97,80.42,79.12,85,100,8.84,LK,1595272697
168,cayenne,4.93,-52.33,86,66,100,8.05,GF,1595272698
169,san borja,-14.82,-66.85,92.79,39,21,6.17,BO,1595272698
170,yumen,40.28,97.2,76.55,31,100,21.07,CN,1595272699
171,jiujiang,29.73,115.98,72.72,90,100,2.3,CN,1595272699
172,esplanada,-11.8,-37.95,77.31,65,43,8.19,BR,1595272663
173,derzhavinsk,51.1,66.32,75.25,41,16,6.64,KZ,1595272699
174,baherden,38.44,57.43,95.72,10,0,8.28,TM,1595272520
175,weinan,34.5,109.51,81,83,98,6.71,CN,1595272700
176,bridlington,54.08,-0.19,62.6,59,100,5.82,GB,1595272700
177,zaria,11.11,7.72,74.37,83,100,7.94,NG,1595272700
178,shimoda,34.67,138.95,71.01,96,100,7.18,JP,1595272247
179,sao filipe,14.9,-24.5,78.08,75,52,10.65,CV,1595272255
180,harnosand,62.63,17.94,64,100,100,2.24,SE,1595272701
181,olafsvik,64.89,-23.71,50.58,71,0,2.19,IS,1595272225
182,pevek,69.7,170.31,45.93,58,0,3.33,RU,1595272238
183,cabo san lucas,22.89,-109.91,93.2,32,5,17.22,MX,1595272203
184,dikson,73.51,80.55,41.02,97,100,13.15,RU,1595272213
185,lexington,37.99,-84.48,89.6,59,40,9.17,US,1595272568
186,kodiak,57.79,-152.41,69.8,52,1,13.87,US,1595272216
187,natal,-5.79,-35.21,75.2,88,75,16.11,BR,1595272703
188,anadyr,64.75,177.48,50,76,0,6.71,RU,1595272572
189,mayumba,-3.43,10.66,71.1,90,100,2.66,GA,1595272628
190,bathurst,-33.42,149.58,36,99,5,3.36,AU,1595272704
191,kontagora,10.4,5.47,77.18,83,12,4.18,NG,1595272704
192,itoman,26.12,127.67,82.4,88,20,4.7,JP,1595272704
193,taoudenni,22.68,-3.98,107.53,12,2,6.93,ML,1595272224
194,lagoa,39.05,-27.98,69.8,71,12,5.66,PT,1595272256
195,belle fourche,44.67,-103.85,78.01,60,1,6.93,US,1595272705
196,basoko,1.24,23.62,72.84,75,0,3.24,CD,1595272706
197,ramos arizpe,25.55,-100.97,78.8,50,75,11.61,MX,1595272706
198,karlskrona,56.16,15.59,62.6,59,0,10.29,SE,1595272706
199,bolshoye selo,57.72,38.93,58.89,98,100,1.52,RU,1595272706
200,russell,32.35,-85.2,96.8,44,40,3.36,US,1595272258
201,petropavlovsk-kamchatskiy,53.05,158.65,51.8,100,75,4.47,RU,1595272707
202,huarmey,-10.07,-78.15,66.85,67,7,10.33,PE,1595272242
203,bulgan,48.81,103.53,54.21,85,0,1.97,MN,1595272707
204,broome,42.25,-75.83,86,42,75,12.75,US,1595272256
205,harper,4.38,-7.72,77.2,85,97,10.6,LR,1595271984
206,tromso,69.65,18.96,55.4,87,75,18.34,NO,1595272534
207,usinsk,65.99,57.53,54.37,78,48,1.39,RU,1595271993
208,zhigansk,66.77,123.37,60.71,94,100,7.16,RU,1595272709
209,makakilo city,21.35,-158.09,80.6,61,90,6.93,US,1595271970
210,iralaya,15,-83.23,89.6,70,40,9.17,HN,1595272229
211,flinders,-34.58,150.86,48.99,67,0,4,AU,1595272063
212,merauke,-8.47,140.33,74.8,87,39,11.74,ID,1595272709
213,tomohon,1.33,124.84,75.2,94,40,2.98,ID,1595272710
214,tiznit,29.58,-9.5,76.62,55,0,6.44,MA,1595272225
215,sao joao da barra,-21.64,-41.05,78.8,61,0,13.87,BR,1595272101
216,nikolskoye,59.7,30.79,69.8,60,20,2.24,RU,1595272711
217,santana do livramento,-30.89,-55.53,71.74,80,100,9.26,BR,1595272711
218,san rafael,-34.62,-68.33,51.75,61,100,9.33,AR,1595272257
219,ambilobe,-13.2,49.05,66.15,73,0,4.03,MG,1595271975
220,chiredzi,-21.05,31.67,58.71,72,0,5.48,ZW,1595272712
221,beringovskiy,63.05,179.32,45.73,82,10,11.79,RU,1595272217
222,yerbogachen,61.28,108.01,49.17,76,24,4.27,RU,1595272255
223,lompoc,34.64,-120.46,68,72,0,13.87,US,1595272227
224,necochea,-38.55,-58.74,50,97,99,15.99,AR,1595272132
225,spornoye,50.84,37.29,68,60,75,4.47,RU,1595272713
226,gazanjyk,39.24,55.52,90.97,21,0,7.36,TM,1595272713
227,bronnitsy,55.42,38.27,64.4,88,59,4.47,RU,1595272713
228,mezen,65.85,44.24,61.86,66,0,5.19,RU,1595272714
229,ust-kuyga,70.02,135.6,69.75,72,2,1.77,RU,1595272714
230,ugljevik,44.66,19.02,73,83,0,2.24,BA,1595272714
231,mayo,38.89,-76.51,95,47,1,11.41,US,1595272714
232,west memphis,35.15,-90.18,95,49,1,8.05,US,1595272446
233,kaka,37.35,59.61,89.22,14,0,8.9,TM,1595272715
234,aklavik,68.22,-135.01,50,81,90,10.29,CA,1595272231
235,simao,22.79,100.97,64.72,96,94,1.68,CN,1595272715
236,longyearbyen,78.22,15.64,44.6,87,75,3.36,SJ,1595272263
237,grindavik,63.84,-22.43,51.8,66,75,8.05,IS,1595271987
238,afonso bezerra,-5.5,-36.51,85.01,52,83,18.61,BR,1595272716
239,changli,39.7,119.15,72.1,71,78,1.59,CN,1595272716
240,elbistan,38.21,37.2,76.03,38,0,3.78,TR,1595272717
241,port moresby,-9.44,147.18,75.2,94,40,11.41,PG,1595272646
242,wagar,16.15,36.2,90.54,36,100,11.07,SD,1595272717
243,viking,53.1,-111.77,67.62,71,13,8.72,CA,1595272717
244,meulaboh,4.14,96.13,78.42,85,100,4.36,ID,1595272036
245,broken hill,-31.95,141.43,46.4,70,100,10.29,AU,1595272226
246,luderitz,-26.65,15.16,69.8,33,0,4.7,NA,1595272209
247,touros,-5.2,-35.46,75.2,100,75,9.17,BR,1595272232
248,avera,33.19,-82.53,96.8,41,40,4.7,US,1595272145
249,sal rei,16.18,-22.92,82.4,65,40,12.75,CV,1595272719
250,pedernales,18.04,-71.74,91.4,59,20,17.22,DO,1595272719
251,gigmoto,13.78,124.39,81.21,82,74,5.35,PH,1595272719
252,coolum beach,-26.53,153.1,60.01,72,100,1.99,AU,1595272720
253,kavieng,-2.57,150.8,81.61,75,2,4.21,PG,1595272720
254,viedma,-40.81,-63,50,85,100,4,AR,1595272068
255,geraldton,-28.77,114.6,46.4,81,0,11.41,AU,1595272200
256,zunyi,27.69,106.91,65.88,93,100,3.04,CN,1595272721
257,namibe,-15.2,12.15,66.74,69,9,3.49,AO,1595272209
258,bulawayo,-20.15,28.58,51.53,67,0,11.43,ZW,1595272721
259,port hardy,50.7,-127.42,62.6,88,40,9.17,CA,1595272212
260,kampot,10.62,104.18,78.8,88,40,1.12,KH,1595272246
261,torbay,47.67,-52.73,80.01,53,75,14.99,CA,1595272258
262,richards bay,-28.78,32.04,63.05,79,0,9.55,ZA,1595272229
263,jimeta,9.28,12.47,75.65,84,100,0.45,NG,1595272723
264,lumeje,-11.55,20.78,61.92,40,0,5.48,AO,1595272723
265,riverton,40.52,-111.94,91,19,1,4.7,US,1595272233
266,thompson,55.74,-97.86,77,33,75,3.36,CA,1595271972
267,asyut,27.18,31.18,92.16,17,0,11.39,EG,1595272243
268,ancud,-41.87,-73.82,53.6,71,7,5.82,CL,1595272724
269,marsh harbour,26.54,-77.06,84.83,66,78,13.24,BS,1595272724
270,bubaque,11.28,-15.83,80.04,84,100,20.71,GW,1595272574
271,hualmay,-11.1,-77.61,65.77,68,14,10.09,PE,1595272616
272,jevargi,17.02,76.77,81.81,76,100,6.6,IN,1595272725
273,naze,28.37,129.48,78.8,100,20,3.36,JP,1595272725
274,severo-kurilsk,50.68,156.12,49.62,84,14,3.58,RU,1595272231
275,biak,-0.91,122.88,75.9,84,21,5.32,ID,1595272257
276,talnakh,69.49,88.4,50,100,90,8.95,RU,1595272659
277,roma,43.21,-75.46,84.2,48,20,14.99,US,1595272085
278,coquimbo,-29.95,-71.34,62.6,67,0,11.41,CL,1595272099
279,toba,34.48,136.85,77,94,75,4.7,JP,1595272726
280,tuburan,6.64,122.27,77,100,20,2.24,PH,1595272727
281,alofi,-19.06,-169.92,77,94,75,5.82,NU,1595272196
282,bilibino,68.05,166.44,62.28,42,35,1.63,RU,1595272199
283,nezhinka,51.77,55.37,68,52,0,6.71,RU,1595272728
284,ouahigouya,13.58,-2.42,90.1,44,100,10.76,BF,1595272728
285,caravelas,-17.71,-39.25,76.46,70,0,8.25,BR,1595272211
286,rundu,-17.93,19.77,64.4,31,0,3.36,NA,1595272728
287,damghan,36.17,54.35,83.35,25,0,1.16,IR,1595272729
288,laguna,38.42,-121.42,78.01,50,5,10.29,US,1595272256
289,bac lieu,9.29,105.72,81.27,76,100,2.82,VN,1595272730
290,nador,35.17,-2.93,78.8,78,20,5.82,MA,1595272730
291,campbellsville,37.34,-85.34,91.4,52,40,6.93,US,1595272730
292,moussoro,13.64,16.49,81.09,65,2,10.47,TD,1595272730
293,sao jose da coroa grande,-8.9,-35.15,77.16,72,76,11.86,BR,1595272731
294,adre,13.47,22.2,78.57,65,81,1.9,TD,1595272245
295,hovd,48.01,91.64,68.88,52,94,3.15,MN,1595272246
296,izhma,65.01,53.91,58.95,65,0,4.54,RU,1595272731
297,umm lajj,25.02,37.27,87.46,58,91,3.42,SA,1595272220
298,daru,-9.08,143.21,75.96,87,46,13.02,PG,1595272223
299,ipameri,-17.72,-48.16,78.35,36,0,10.07,BR,1595272732
300,kuusamo,65.97,29.18,69.8,68,68,5.82,FI,1595272732
301,trail,49.1,-117.7,88.61,26,0,0.63,CA,1595272733
302,arak,34.09,49.69,76.64,22,0,5.66,IR,1595272733
303,marion,39.77,-86.16,84.99,51,1,4.7,US,1595272689
304,srednekolymsk,67.45,153.68,68.29,52,100,12.06,RU,1595271952
305,awjilah,29.11,21.29,84.11,39,0,17.96,LY,1595272734
306,laje,-10.18,-40.97,79.86,39,24,14.88,BR,1595272734
307,podporozhye,60.91,34.17,61.86,64,100,3.24,RU,1595272734
308,fayaoue,-20.65,166.53,69.82,63,71,7.74,NC,1595272734
309,batagay-alyta,67.8,130.41,59.76,90,100,0.89,RU,1595272202
310,diamantino,-14.41,-56.45,91.65,25,0,6.73,BR,1595272735
311,champerico,14.3,-91.92,87.8,70,75,13.87,GT,1595272224
312,narsaq,60.92,-46.05,68,37,20,9.17,GL,1595272735
313,norman wells,65.28,-126.83,60.8,77,75,2.24,CA,1595272736
314,todos santos,23.45,-110.22,78.01,79,0,8.01,MX,1595272736
315,gilbues,-9.83,-45.34,89.31,26,0,8.46,BR,1595272736
316,talaya,61.38,152.75,56.14,63,0,5.21,RU,1595272736
317,sambava,-14.27,50.17,69.28,81,79,15.99,MG,1595272258
318,mehamn,71.04,27.85,50,100,90,3.36,NO,1595272223
319,uige,-7.61,15.06,66.92,30,14,1.21,AO,1595272737
320,gibara,21.11,-76.13,75.2,83,75,11.41,CU,1595272737
321,codrington,-38.27,141.97,50.29,77,100,6.98,AU,1595272738
322,ginda,30.69,78.49,63.79,82,100,1.79,IN,1595272738
323,liwale,-9.77,37.93,70.52,51,91,2.59,TZ,1595272738
324,ahipara,-35.17,173.17,56.62,92,80,7.54,NZ,1595272206
325,hamilton,39.18,-84.53,91.99,43,1,7.31,US,1595272108
326,luanda,-8.84,13.23,71.6,83,20,4.7,AO,1595272739
327,manjeshwar,12.72,74.89,77,88,75,5.82,IN,1595272740
328,kapuskasing,49.42,-82.43,60.8,82,90,12.75,CA,1595272445
329,maldonado,-34.67,-54.92,77,61,100,10.29,UY,1595272586
330,hastings,50.86,0.57,63,61,8,1.01,GB,1595272740
331,west wendover,40.74,-114.07,91.4,13,1,11.41,US,1595272741
332,obidos,-1.92,-55.52,90.95,44,64,6.85,BR,1595272741
333,sainte-martine,45.25,-73.8,84.99,54,72,5.99,CA,1595272741
334,moultrie,31.18,-83.79,95,46,1,3.36,US,1595272703
335,turukhansk,65.82,87.98,49.78,86,7,9.42,RU,1595271977
336,makat,47.65,53.35,89.51,24,9,8.48,KZ,1595272742
337,fougamou,-1.22,10.58,75.42,83,100,3.15,GA,1595272743
338,lingao,19.91,109.69,80.51,79,79,11.61,CN,1595272261
339,ranong,9.97,98.63,80.11,83,100,3.22,TH,1595272743
340,korla,41.76,86.15,70.25,53,96,5.21,CN,1595272208
341,high level,58.52,-117.14,73.4,60,75,4.7,CA,1595272743
342,malinovoye ozero,51.68,79.78,70.39,66,0,7.4,RU,1595272744
343,soloneshnoye,51.65,84.32,62.46,82,96,2.82,RU,1595272744
344,acapulco,16.86,-99.89,87.8,74,75,9.17,MX,1595272237
345,vredendal,-31.67,18.5,61.92,32,0,2.95,ZA,1595272744
346,gemena,3.25,19.77,69.69,95,45,2.13,CD,1595272745
347,aksarka,66.56,67.8,56.34,68,35,8.88,RU,1595272745
348,atambua,-9.11,124.89,66.81,87,0,4.94,ID,1595272745
349,colac,-38.33,143.58,43,99,90,4.47,AU,1595272746
350,fenoarivo atsinanana,-17.37,49.42,67.33,81,28,11.7,MG,1595272746
351,ahuimanu,21.44,-157.84,82.4,65,20,10.29,US,1595272746
352,nabire,-3.37,135.48,74.37,89,98,4.27,ID,1595272234
353,pacific grove,36.62,-121.92,64.4,72,75,9.17,US,1595272221
354,evensk,61.95,159.23,58.86,69,0,7.47,RU,1595272747
355,xinyu,27.8,114.93,73.6,97,100,2.68,CN,1595272747
356,okhotsk,59.38,143.3,55.96,90,100,2.68,RU,1595272263
357,de-kastri,51.47,140.78,60.39,91,100,10.4,RU,1595272747
358,san andres,12.58,-81.7,87.8,70,40,10.29,CO,1595272726
359,isangel,-19.55,169.27,59,100,20,3.36,VU,1595272007
360,port-cartier,50.03,-66.87,77,69,75,10.29,CA,1595272264
361,ossora,59.24,163.07,51.96,86,47,9.62,RU,1595272749
362,la calera,-31.34,-64.34,53.6,87,90,12.75,AR,1595272749
363,do gonbadan,30.36,50.8,100.4,15,40,7.18,IR,1595272749
364,saskylakh,71.92,114.08,50.76,66,83,4.97,RU,1595271947
365,graciano sanchez,23.92,-99.28,96.8,28,20,8.05,MX,1595272750
366,port hedland,-20.32,118.57,60.8,59,0,9.17,AU,1595272203
367,marrakesh,31.63,-8.01,95,36,40,10.29,MA,1595272721
368,moree,-29.47,149.85,35.6,76,100,10.29,AU,1595272658
369,san matias,-16.37,-58.4,96.04,22,1,6.93,BO,1595272750
370,faya,18.39,42.45,68,68,53,5.82,SA,1595272751
371,bathsheba,13.22,-59.52,86,70,40,19.46,BB,1595272239
372,vestmanna,62.16,-7.17,50,93,73,13.87,FO,1595272751
373,kalabo,-14.97,22.68,58.15,46,1,5.26,ZM,1595272751
374,osypenko,46.91,36.83,75.99,100,5,8.01,UA,1595272752
375,svetlogorsk,52.63,29.73,64.51,80,49,4.74,BY,1595272752
376,micheweni,-4.97,39.83,75.49,77,0,15.64,TZ,1595272752
377,altamont,42.21,-121.74,88,26,1,4.9,US,1595272752
378,arraial do cabo,-22.97,-42.03,78.8,69,0,13.87,BR,1595272180
379,wuppertal,51.27,7.18,71.01,46,100,6.46,DE,1595272565
380,brokopondo,4.75,-55.17,87.3,58,62,6.69,SR,1595272753
381,oktyabrskoye,43.06,44.74,78.8,74,0,2.24,RU,1595272753
382,mongo,12.18,18.69,76.84,73,100,6.11,TD,1595272754
383,listvyagi,53.68,86.95,63.03,86,5,0.4,RU,1595272754
384,thunder bay,48.4,-89.32,68,59,90,4.7,CA,1595272716
385,copiapo,-27.37,-70.33,68,40,100,14.99,CL,1595272691
386,orito,0.68,-76.88,80.6,78,75,5.82,CO,1595272755
387,yermakovskoye,53.28,92.4,58.12,86,13,2.57,RU,1595272755
388,sao desiderio,-12.36,-44.97,85.57,28,7,7.56,BR,1595272755
389,shelburne,44.08,-80.2,78.01,53,75,12.75,CA,1595272523
390,marmora,44.46,7.09,80.01,73,0,4.7,IT,1595272756
391,camacha,33.08,-16.33,71.6,64,40,19.46,PT,1595272756
392,kizukuri,40.81,140.39,69.01,94,100,2.62,JP,1595272756
393,yamada,39.47,141.95,66.72,91,100,5.66,JP,1595272757
394,katsuura,35.13,140.3,75,92,100,7,JP,1595272234
395,boguchany,58.38,97.45,55.11,70,100,3.4,RU,1595272757
396,seredeyskiy,54.05,35.23,59.54,94,0,5.93,RU,1595272757
397,ilulissat,69.22,-51.1,57.2,41,75,4.7,GL,1595272235
398,abu samrah,35.3,37.18,80.24,38,0,8.7,SY,1595272758
399,victoria,22.29,114.16,84,79,98,4.83,HK,1595272624
400,voi,-3.39,38.56,68.07,71,0,11.95,KE,1595272758
401,mianyang,31.46,104.75,69.6,96,100,2.86,CN,1595272758
402,leh,34.17,77.58,57.09,47,53,3.85,IN,1595272196
403,bothell,47.76,-122.21,82,69,1,6.93,US,1595272759
404,nchelenge,-9.35,28.73,67.05,58,0,4.27,ZM,1595272759
405,erdemli,36.6,34.31,80.71,64,0,5.68,TR,1595272759
406,jiuquan,39.74,98.52,74.68,19,100,3.51,CN,1595272759
407,inongo,-1.95,18.27,72.95,49,0,2.08,CD,1595272760
408,lasa,46.62,10.7,68,49,20,1.12,IT,1595272050
409,xingyi,24.19,102.82,60.91,99,100,3.49,CN,1595272760
410,gambela,8.25,34.58,70.47,92,100,2.68,ET,1595272761
411,loa janan,-0.58,117.09,74.05,98,46,2.24,ID,1595272761
412,kholtoson,50.3,103.31,50.85,85,19,2.24,RU,1595272761
413,burnie,-41.07,145.92,46,88,66,10,AU,1595272762
414,gallup,35.53,-108.74,89.6,14,1,4.7,US,1595272518
415,porbandar,21.64,69.61,83.82,81,91,16.31,IN,1595272762
416,hervey bay,-25.3,152.85,55.99,84,100,5.01,AU,1595272763
417,hun,29.13,15.95,84.79,36,0,18.59,LY,1595272763
418,tiksi,71.69,128.87,45.3,85,100,13.62,RU,1595272217
419,breves,-1.68,-50.48,90.86,46,80,4.34,BR,1595272763
420,nautla,20.22,-96.78,87.91,57,70,11.68,MX,1595272764
421,constitucion,-35.33,-72.42,56.21,77,87,10.29,CL,1595272205
422,suruc,36.98,38.42,86,25,0,16.11,TR,1595272764
423,amalapuram,16.58,82.02,82.24,84,100,6.8,IN,1595272765
424,andenes,69.31,16.12,55.4,82,75,4.7,NO,1595272765
425,piacabucu,-10.41,-36.43,77.7,73,42,11.16,BR,1595272765
426,sawakin,19.11,37.33,96.67,28,100,5.5,SD,1595272765
427,otradnoye,59.78,30.82,69.8,60,20,2.24,RU,1595272766
428,atar,20.52,-13.05,107.6,17,20,2.24,MR,1595272244
429,enid,36.4,-97.88,96.8,46,20,9.17,US,1595272766
430,poya,-21.35,165.15,65.12,71,98,3.18,NC,1595272766
431,odemira,37.6,-8.64,82.99,78,0,10,PT,1595272767
432,sorland,67.67,12.69,57.2,71,40,6.93,NO,1595272240
433,panzhihua,26.59,101.71,72.32,77,100,1.1,CN,1595272767
434,nkowakowa,-23.89,30.29,57.2,24,0,6.93,ZA,1595272767
435,oranjemund,-28.55,16.43,65.07,37,0,4.81,NA,1595272768
436,omsukchan,62.53,155.8,55.83,68,0,3.78,RU,1595272768
437,sungaipenuh,-2.08,101.38,65.66,95,100,3.85,ID,1595272768
438,ilhabela,-23.78,-45.36,74.89,58,0,4.29,BR,1595272768
439,salekhard,66.53,66.6,56.23,70,50,7.25,RU,1595272222
440,keti bandar,24.14,67.45,86.5,77,100,22.28,PK,1595272653
441,liverpool,53.41,-2.98,60.8,55,20,8.05,GB,1595272631
442,iranshahr,27.2,60.68,100.4,9,83,4.7,IR,1595272769
443,zabol,32.25,67.25,74.68,19,0,19.17,AF,1595272770
444,petrokamenskoye,57.72,60.65,59.86,73,45,9.95,RU,1595272770
445,maniitsoq,65.42,-52.9,45.73,90,100,6.69,GL,1595272770
446,murchison,-41.8,172.33,49.48,85,100,1.43,NZ,1595272684
447,burns lake,54.23,-125.75,72.61,44,75,6.38,CA,1595272771
448,egvekinot,66.32,-179.17,44.49,74,74,4.92,RU,1595272771
449,goderich,43.75,-81.72,73.99,69,0,9.6,CA,1595272522
450,noyabrsk,63.2,75.45,54.19,76,51,12.15,RU,1595272772
451,oktyabrskiy,54.48,53.47,61.38,88,0,4.07,RU,1595272772
452,sanming,26.25,117.62,78.51,77,100,1.97,CN,1595272772
453,puerto escondido,15.85,-97.07,86,70,75,8.05,MX,1595272209
454,neenah,44.19,-88.46,75.99,38,75,6.93,US,1595272531
455,san cristobal,7.77,-72.22,89.6,46,75,23.04,VE,1595272773
456,tuatapere,-46.13,167.68,39,83,89,3,NZ,1595272238
457,yatou,37.15,122.38,69.01,88,0,5.61,CN,1595272774
458,nouadhibou,20.93,-17.03,86,55,0,5.82,MR,1595272774
459,cabildo,-38.48,-61.9,46.99,99,88,1.99,AR,1595272774
460,vologda,59.22,39.89,59.68,89,100,0.38,RU,1595272775
461,kirillov,59.86,38.38,60.35,91,100,1.72,RU,1595272775
462,maragogi,-9.01,-35.22,76.62,74,89,11.25,BR,1595272653
463,lichuan,30.3,108.85,63.61,96,100,3.85,CN,1595272775
464,beyneu,45.32,55.2,89.37,21,0,6.82,KZ,1595272776
465,klyuchi,52.27,79.17,68.59,87,64,9.86,RU,1595272776
466,seydisehir,37.42,31.85,70.66,51,0,2.15,TR,1595272776
467,clyde river,70.47,-68.59,42.8,100,90,12.75,CA,1595272215
468,aksha,50.28,113.29,47.28,70,78,4.29,RU,1595272777
469,dakar,14.69,-17.44,87.8,70,40,9.17,SN,1595272777
470,grand-santi,4.25,-54.38,80.83,92,98,4.18,GF,1595272230
471,villazon,-22.09,-65.59,67.93,17,77,8.28,BO,1595272777
472,rio grande,-32.03,-52.1,87.8,40,98,8.05,BR,1595272050
473,hami,42.8,93.45,87.15,20,100,6.11,CN,1595272175
474,redlands,34.06,-117.18,90,21,5,3.36,US,1595272576
475,tobermory,45.25,-81.67,69.01,74,24,8.99,CA,1595272778
476,luena,-11.78,19.92,57.02,47,0,3.42,AO,1595272778
477,mulanur,10.77,77.72,77.85,79,100,10.78,IN,1595272779
478,santa fe,-31.63,-60.7,74.37,62,100,1.79,AR,1595272500
479,oranjestad,12.52,-70.03,89.6,66,20,25.28,AW,1595272536
480,shumikha,55.23,63.3,63.36,95,100,7.29,RU,1595272780
481,ust-karsk,52.7,118.81,49.66,90,54,5.5,RU,1595272780
482,berlevag,70.86,29.09,50,100,90,3.36,NO,1595272780
483,arlit,18.74,7.39,99.39,19,22,7.85,NE,1595272248
484,shangqiu,34.45,115.65,72.45,81,100,4.72,CN,1595272781
485,vanimo,-2.67,141.3,78.3,82,93,5.97,PG,1595272006
486,vestmannaeyjar,63.44,-20.27,53.6,58,20,8.05,IS,1595272244
487,kaniama,-7.57,24.18,68.67,30,0,3.65,CD,1595272781
488,kamenka,51.32,42.77,64.99,78,0,4.43,RU,1595272072
489,menongue,-14.66,17.69,55.31,44,5,3.78,AO,1595272782
490,trinidad,-14.83,-64.9,91.4,52,20,5.82,BO,1595272783
491,cururupu,-1.83,-44.87,86.2,55,24,6.62,BR,1595272783
492,shakawe,-18.37,21.85,57.92,36,0,5.14,BW,1595272783
493,ust-nera,64.57,143.2,64.54,53,0,4.21,RU,1595272783
494,devils lake,48.11,-98.87,71.6,68,1,3.36,US,1595272784
495,kieta,-6.22,155.63,77.25,77,95,4.27,PG,1595272784
496,salalah,17.02,54.09,80.6,94,75,4.7,OM,1595272784
497,mabama,-5.13,32.53,66.2,55,100,5.82,TZ,1595272785
498,along,28.17,94.77,72.43,90,100,0.69,IN,1595272785
499,manokwari,-0.87,134.08,79.86,68,28,5.01,ID,1595272785
500,mersing,2.43,103.84,77,94,75,3.36,MY,1595272786
501,dauphin,51.15,-100.05,64.4,82,40,10.29,CA,1595272786
502,qui nhon,13.77,109.23,78.3,87,97,4.83,VN,1595272786
503,aden,12.78,45.04,87.85,63,100,15.59,YE,1595272641
504,balad,34.02,44.15,98.98,9,0,14.72,IQ,1595272787
505,novo aripuana,-5.12,-60.38,95.58,34,0,3.76,BR,1595272787
506,boulsa,12.67,-0.58,86.25,55,53,8.68,BF,1595272787
507,namie,37.48,141,70,98,100,3.42,JP,1595272788
508,vidim,56.41,103.11,43.3,79,0,1.59,RU,1595272788
509,kabanjahe,3.1,98.49,75.2,100,40,3.36,ID,1595272788
510,edson,53.58,-116.44,71.6,40,40,5.82,CA,1595272788
511,yaounde,3.87,11.52,71.6,94,40,8.05,CM,1595272789
512,berdigestyakh,62.1,126.7,65.52,96,100,5.99,RU,1595272789
513,aswan,24.09,32.91,97.54,14,0,16.44,EG,1595272789
514,santana do acarau,-3.46,-40.21,87.69,47,98,6.67,BR,1595272789
515,koslan,63.46,48.9,60.55,66,0,6.46,RU,1595272790
516,sobolevo,54.43,31.9,60.51,89,92,5.08,RU,1595272790
517,dongsheng,39.82,109.98,69.58,46,2,10.76,CN,1595272791
518,semey,50.41,80.23,71.31,55,0,7.78,KZ,1595272791
519,satana,20.58,74.2,77.43,81,100,7.85,IN,1595272791
520,chabahar,25.29,60.64,85.59,81,2,9.62,IR,1595272791
521,chaihe,44.77,129.7,58.77,94,0,2.95,CN,1595272792
522,jumla,29.27,82.18,61.3,68,100,3.36,NP,1595272792
523,deputatskiy,69.3,139.9,61.12,79,0,2.1,RU,1595272605
524,sernur,56.93,49.15,61.14,91,60,1.48,RU,1595272793
525,barranca,-10.75,-77.77,65.03,70,12,10.58,PE,1595272793
526,gizo,-8.1,156.84,80.4,83,34,16.04,SB,1595272793
527,tiarei,-17.53,-149.33,78.8,74,20,2.24,PF,1595272794
528,colonelganj,27.13,81.7,82.13,85,100,5.08,IN,1595272794
529,solnechnyy,50.72,136.63,65.34,95,100,4.27,RU,1595272794
530,la rioja,42.25,-2.5,86,42,20,4.7,ES,1595272795
531,plettenberg bay,-34.05,23.37,59.77,88,43,6.6,ZA,1595272795
532,nagapattinam,10.77,79.83,83.59,75,100,11.43,IN,1595272795
533,pindiga,9.98,10.93,73.26,91,100,4.68,NG,1595272795
534,aiea,21.38,-157.93,84.2,54,40,11.41,US,1595272796
535,pangnirtung,66.15,-65.71,46.4,93,90,9.17,CA,1595272513
536,tabou,4.42,-7.35,76.87,87,50,9.64,CI,1595272796
537,khash,28.22,61.22,77.77,17,22,10,IR,1595272796
538,kurilsk,45.23,147.88,55.22,90,59,5.01,RU,1595272797
539,hokitika,-42.72,170.97,52.84,82,80,12.95,NZ,1595272797
540,aksu,41.12,80.26,72.3,50,100,7.87,CN,1595272797
541,high rock,26.62,-78.28,86,74,75,13.87,BS,1595272797
542,babu,24.42,111.52,76.77,85,95,3.38,CN,1595272798
543,oyotun,-6.85,-79.3,71.6,60,0,16.11,PE,1595272798
544,hannan,34.32,135.23,77,100,100,3.36,JP,1595272798
545,ixtapa,20.7,-105.2,90,74,40,10.29,MX,1595272799
546,lancut,50.07,22.23,69.8,73,93,2.24,PL,1595272799
547,otofuke,42.99,143.2,60.62,95,100,1.77,JP,1595272799
548,amahai,-3.33,128.92,76.96,87,59,5.73,ID,1595272800
549,centralia,46.72,-122.95,82.99,51,1,6.93,US,1595272780
550,fairbanks,64.84,-147.72,66.2,59,1,5.82,US,1595272762
551,umea,63.83,20.26,64.4,88,90,3.36,SE,1595272800
552,horta,38.53,-28.63,73.4,60,75,5.82,PT,1595272801
